Solver,Rank,MSE,PSNR,Time Taken (s)
mu,5,0.012563768671290883,19.008800685889394,0.08873701095581055
cd,5,0.012500672138499107,19.030666351364662,0.35412001609802246
mu,25,0.009338188503333126,20.297373635246064,0.38706088066101074
cd,25,0.008980200187897643,20.467139818705313,1.6257960796356201
