Solver,Rank,MSE,PSNR,Time Taken (s)
mu,5,0.015162159962928343,18.1923892580417,0.09528660774230957
cd,5,0.014385748569444452,18.42067534460444,0.4192628860473633
mu,25,0.018397177599003185,17.352487991208015,0.29384398460388184
cd,25,0.01857501232836119,17.310708893231094,1.8108179569244385
mu,51,0.02222283040106165,16.532006281458575,0.6532690525054932
cd,51,0.02279059388955841,16.422443575928803,4.785295009613037
mu,102,0.027021172566523054,15.682958089734473,1.2907969951629639
cd,102,0.02777740423600842,15.563083409832064,16.126087188720703
